username,user_id,gender,country,age
karthiga,2255153,Female,India,30
RedvelvetDaisuki,1897606,Female,Philippines,26
Damonashu,37326,Male,United states,29
bskai,228342,Male,Mexico,30
terune_uzumaki,327311,Female,Malaysia,22
Bas_G,5015094,Male,United states,21
HimeAria,3129315,Female,Poland,24
Slimak,61677,Male,Poland,33
jimothy000,47167,Male,United kingdom,25
ProperBritish,253613,Male,United kingdom,29
Xinil,1,Male,United states,35
helenply,2529849,Female,Mexico,21
detestedlove311,5309,Female,United states,31
ihasabucket,18867,Male,United states,36
fluffylonewolf,1537661,Female,Canada,32
Lithuelle,2637159,Female,Germany,35
